Handle,Title,Body (HTML),Vendor,Product Category,Type,Tags,Published,Option1 Name,Option1 Value,Variant SKU,Variant Inventory Tracker,Variant Inventory Qty,Variant Inventory Policy,Variant Fulfillment Service,Variant Price,Variant Requires Shipping,Variant Taxable,Image Src,Image Position,Image Alt Text,Status
privacy-filter-for-156-laptop,"Privacy Filter for 15.6"" Laptop","<p>Privacy Filter for 15.6"" Laptop by 3M for business and enterprise accessory needs.</p>",3M,,Privacy Screens,"b2b-catalog,market:australia,privacy-screens",TRUE,Title,Default Title,156L-PRIVACY-SCREEN,shopify,0,deny,manual,55.36,TRUE,TRUE,,,,active
privacy-filter-for-27-widescreen-monitor,"Privacy Filter for 27"" Widescreen Monitor","<p>Privacy Filter for 27"" Widescreen Monitor by 3M for business and enterprise accessory needs.</p>",3M,,Privacy Screens,"b2b-catalog,market:australia,privacy-screens",TRUE,Title,Default Title,2769A-PRIVACY-SCREEN,shopify,0,deny,manual,199.50,TRUE,TRUE,,,,active
privacy-screen-for-macbook-pro-14in,Privacy Screen for MacBook Pro 14in,<p>Privacy Screen for MacBook Pro 14in by 3M for business and enterprise accessory needs.</p>,3M,,Privacy Screens,"b2b-catalog,market:australia,privacy-screens",TRUE,Title,Default Title,K58370WW,shopify,0,deny,manual,65.25,TRUE,TRUE,,,,active
privacy-screen-for-macbook-pro-16in,Privacy Screen for MacBook Pro 16in,<p>Privacy Screen for MacBook Pro 16in by 3M for business and enterprise accessory needs.</p>,3M,,Privacy Screens,"b2b-catalog,market:australia,privacy-screens",TRUE,Title,Default Title,K58371WW,shopify,110,deny,manual,72.61,TRUE,TRUE,,,,active
ergonomic-keyboard,Ergonomic Keyboard,"<p>An ergonomic keyboard is a computer keyboard designed with ergonomic considerations to minimize muscle strain, fatigue, and other problems.</p>",Adesso,,Keyboards,"b2b-catalog,market:australia,keyboards",TRUE,Title,Default Title,AKF003US,shopify,57,deny,manual,33.87,TRUE,TRUE,,,,active
adjustable-monitor-stand,Adjustable Monitor Stand,<p>Adjustable Monitor Stand by AmazonBasics for business and enterprise accessory needs.</p>,AmazonBasics,,Monitors & Display Accessories,"b2b-catalog,market:australia,monitors-display-accessories",TRUE,Title,Default Title,AMS-1L,shopify,4,deny,manual,24.48,TRUE,TRUE,,,,active
usb-c-to-displayport-cable-6-ft,USB-C to DisplayPort Cable (6-Ft),<p>USB-C to DisplayPort Cable (6-Ft) by AmazonBasics for business and enterprise accessory needs.</p>,AmazonBasics,,Cables,"b2b-catalog,market:australia,cables",TRUE,Title,Default Title,CDP2DP146B,shopify,0,deny,manual,29.73,TRUE,TRUE,,,,active
521-40w-wall-charger-spectacles-offering,521 40W Wall Charger (Spectacles Offering),<p>521 40W Wall Charger (Spectacles Offering) by Anker for business and enterprise accessory needs.</p>,Anker,,Power & Adapters,"b2b-catalog,market:australia,power-adapters",TRUE,Title,Default Title,ANK2P45W,shopify,0,deny,manual,45.03,TRUE,TRUE,,,,active
series-5-521-power-adapter-nano-pro-24-pin-usb-c-40-watt,Series 5 521 power adapter - nano pro - 24 pin USB-C - 40 Watt,<p>Series 5 521 power adapter - nano pro - 24 pin USB-C - 40 Watt by Anker for business and enterprise accessory needs.</p>,Anker,,Power & Adapters,"b2b-catalog,market:australia,power-adapters",TRUE,Title,Default Title,ANKPRO521,shopify,0,deny,manual,54.22,TRUE,TRUE,,,,active
140w-usb-c-power-adapter,140W USB-C Power Adapter,<p>140W USB-C Power Adapter by Apple for business and enterprise accessory needs.</p>,Apple,,Power & Adapters,"b2b-catalog,market:australia,power-adapters",TRUE,Title,Default Title,MW2M3X/A,shopify,2000,deny,manual,110.51,TRUE,TRUE,,,,active
20w-usb-c-power-adapter,20W USB-C Power Adapter,<p>20W USB-C Power Adapter by Apple for business and enterprise accessory needs.</p>,Apple,,Power & Adapters,"b2b-catalog,market:australia,power-adapters",TRUE,Title,Default Title,MWVT3X/A,shopify,1000,deny,manual,18.95,TRUE,TRUE,,,,active
240w-usb-c-charge-cable-2-m,240W USB-C Charge Cable (2 m),<p>240W USB-C Charge Cable (2 m) by Apple for business and enterprise accessory needs.</p>,Apple,,Cables,"b2b-catalog,market:australia,cables",TRUE,Title,Default Title,MYQT3FE/A,shopify,766,deny,manual,29.72,TRUE,TRUE,,,,active
60w-usb-c-charge-cable-1-m,60W USB-C Charge Cable (1 m),<p>60W USB-C Charge Cable (1 m) by Apple for business and enterprise accessory needs.</p>,Apple,,Cables,"b2b-catalog,market:australia,cables",TRUE,Title,Default Title,MW493FE/A,shopify,600,deny,manual,18.95,TRUE,TRUE,,,,active
67w-usb-c-power-adapter,67W USB-C Power Adapter,<p>67W USB-C Power Adapter by Apple for business and enterprise accessory needs.</p>,Apple,,Power & Adapters,"b2b-catalog,market:australia,power-adapters",TRUE,Title,Default Title,MKU63X/A,shopify,562,deny,manual,0.00,TRUE,TRUE,,,,active
70w-usb-c-power-adapter,70W USB-C Power Adapter,<p>70W USB-C Power Adapter by Apple for business and enterprise accessory needs.</p>,Apple,,Power & Adapters,"b2b-catalog,market:australia,power-adapters",TRUE,Title,Default Title,MXN53X/A,shopify,484,deny,manual,65.94,TRUE,TRUE,,,,active
96w-usb-c-power-adapter,96W USB-C Power Adapter,<p>96W USB-C Power Adapter by Apple for business and enterprise accessory needs.</p>,Apple,,Power & Adapters,"b2b-catalog,market:australia,power-adapters",TRUE,Title,Default Title,MW2L3X/A,shopify,481,deny,manual,88.22,TRUE,TRUE,,,,active
earpods-with-35-mm-headphone-plug,EarPods with 3.5 mm Headphone Plug,<p>EarPods with 3.5 mm Headphone Plug by Apple for business and enterprise accessory needs.</p>,Apple,,Accessories,"b2b-catalog,market:australia,accessories",TRUE,Title,Default Title,MWU53FE/A,shopify,440,deny,manual,18.95,TRUE,TRUE,,,,active
earpods-with-lightning-connector,EarPods with Lightning Connector,"<p>EarPods are wired earphones designed and marketed by Apple Inc. They were introduced in September 2012 alongside the iPhone 5 and replaced Apple’s earlier circular earbuds. EarPods are characterized by an asymmetric, contoured design intended to better fit the human ear and improve comfort and sound performance. The EarPods are available in three connector options: 3.5mm headphone, Lightning and USB-C. EarPods were previously bundled with various iPhone models from 2012 to 2020.</p>",Apple,,Accessories,"b2b-catalog,market:australia,accessories",TRUE,Title,Default Title,MWTY3FE/A,shopify,425,deny,manual,18.95,TRUE,TRUE,,,,active
earpods-with-usb-c-connector,EarPods with USB-C Connector,<p>EarPods with USB-C Connector by Apple for business and enterprise accessory needs.</p>,Apple,,Accessories,"b2b-catalog,market:australia,accessories",TRUE,Title,Default Title,MYQY3FE/A,shopify,264,deny,manual,18.95,TRUE,TRUE,,,,active
lightning-to-digital-av-adapter,Lightning to Digital AV Adapter,<p>Lightning to Digital AV Adapter by Apple for business and enterprise accessory needs.</p>,Apple,,Power & Adapters,"b2b-catalog,market:australia,power-adapters",TRUE,Title,Default Title,MD826AM/A,shopify,222,deny,manual,85.43,TRUE,TRUE,,,,active
magic-keyboard,Magic Keyboard,"<p>The Magic Keyboard is an Apple trademark used on several of their keyboards, referring to:Magic Keyboard (Mac), a wireless keyboard released by Apple in 2015
Magic Keyboard for iPad, a wireless keyboard with an integrated trackpad for use in iPads with a Smart Connector, released in 2020
The built-in keyboard of the MacBook Pro since 2019 and MacBook Air since 2020. Older Apple notebook keyboards that used the butterfly-switch mechanism do not use this brand name.</p>",Apple,,Keyboards,"b2b-catalog,market:australia,keyboards",TRUE,Title,Default Title,MXCL3ZA/A,shopify,185,deny,manual,110.51,TRUE,TRUE,,,,active
magic-keyboard-with-numeric-keypad-silver,Magic Keyboard with Numeric Keypad (Silver),<p>Magic Keyboard with Numeric Keypad (Silver) by Apple for business and enterprise accessory needs.</p>,Apple,,Keyboards,"b2b-catalog,market:australia,keyboards",TRUE,Title,Default Title,As Above,shopify,173,deny,manual,132.80,TRUE,TRUE,,,,active
magic-keyboard-with-numeric-keypad-us-english-silver,Magic Keyboard with Numeric Keypad - US English - Silver,<p>Magic Keyboard with Numeric Keypad - US English - Silver by Apple for business and enterprise accessory needs.</p>,Apple,,Keyboards,"b2b-catalog,market:australia,keyboards",TRUE,Title,Default Title,MXCJ3ZA/A,shopify,180,deny,manual,132.80,TRUE,TRUE,,,,active
magic-mouse-usbc-white-multi-touch-surface-fkamagic-mouse-3,Magic Mouse (USB‑C) - White Multi-Touch Surface (FKA:Magic Mouse 3),<p>Magic Mouse (USB‑C) - White Multi-Touch Surface (FKA:Magic Mouse 3) by Apple for business and enterprise accessory needs.</p>,Apple,,Mice & Pointing Devices,"b2b-catalog,market:australia,mice-pointing-devices",TRUE,Title,Default Title,MXK53ZA/A,shopify,0,deny,manual,88.22,TRUE,TRUE,,,,active
magic-mouse-3,Magic Mouse 3,"<p>The Magic Mouse is a multi-touch wireless computer mouse sold by Apple Inc. and manufactured by Foxconn. The first-generation Magic Mouse was released on October 20, 2009, and introduced multi-touch functionality to a computer mouse. Taking after the iPhone, iPod Touch, and multi-touch MacBook touchpads, the Magic Mouse allows the use of multi-touch gestures and inertia scrolling across the surface of the mouse, designed for use with macOS.</p>",Apple,,Mice & Pointing Devices,"b2b-catalog,market:australia,mice-pointing-devices",TRUE,Title,Default Title,MMMQ3ZA/A,shopify,160,deny,manual,88.22,TRUE,TRUE,,,,active
magic-trackpad-3,Magic Trackpad 3,"<p>Apple Inc. has designed and manufactured several models of mice, trackpads, and other pointing devices, primarily for use with Macintosh computers. Over the years, Apple has maintained a distinct form and function with its mice that reflect their design languages of that time. Apple's current external pointing devices are the Magic Mouse 2 and Magic Trackpad 2.</p>",Apple,,Accessories,"b2b-catalog,market:australia,accessories",TRUE,Title,Default Title,MKQ23ZA/A,shopify,130,deny,manual,132.80,TRUE,TRUE,,,,active
power-adapter-extension-cable-6ft,Power Adapter Extension Cable 6ft,<p>Power Adapter Extension Cable 6ft by Apple for business and enterprise accessory needs.</p>,Apple,,Power & Adapters,"b2b-catalog,market:australia,power-adapters",TRUE,Title,Default Title,MW2N3X/A,shopify,123,deny,manual,21.54,TRUE,TRUE,,,,active
thunderbolt-3-usb-c-cable-08-m,Thunderbolt 3 (USB-C) Cable (0.8 m),<p>Thunderbolt 3 (USB-C) Cable (0.8 m) by Apple for business and enterprise accessory needs.</p>,Apple,,Cables,"b2b-catalog,market:australia,cables",TRUE,Title,Default Title,MQ4H2AM/A,shopify,120,deny,manual,49.30,TRUE,TRUE,,,,active
usb-c-charge-cable-2-m,USB-C Charge Cable (2 m),<p>USB-C Charge Cable (2 m) by Apple for business and enterprise accessory needs.</p>,Apple,,Cables,"b2b-catalog,market:australia,cables",TRUE,Title,Default Title,MYQT3FE/A,shopify,104,deny,manual,29.72,TRUE,TRUE,,,,active
usb-c-digital-av-multiport-adapter,USB-C Digital AV Multiport Adapter,<p>USB-C Digital AV Multiport Adapter by Apple for business and enterprise accessory needs.</p>,Apple,,Power & Adapters,"b2b-catalog,market:australia,power-adapters",TRUE,Title,Default Title,MW5M3ZA/A,shopify,87,deny,manual,85.43,TRUE,TRUE,,,,active
usb-c-to-lightning-adapter,USB-C to Lightning Adapter,<p>USB-C to Lightning Adapter by Apple for business and enterprise accessory needs.</p>,Apple,,Power & Adapters,"b2b-catalog,market:australia,power-adapters",TRUE,Title,Default Title,MUQX3FE/A,shopify,63,deny,manual,32.50,TRUE,TRUE,,,,active
usb-c-to-lightning-cable-1m,"USB-C to Lightning Cable, 1m","<p>USB-C to Lightning Cable, 1m by Apple for business and enterprise accessory needs.</p>",Apple,,Cables,"b2b-catalog,market:australia,cables",TRUE,Title,Default Title,MUQ93FE/A,shopify,51,deny,manual,18.95,TRUE,TRUE,,,,active
usb-c-to-lightning-cable-2m,"USB-C to Lightning Cable, 2m","<p>USB-C to Lightning Cable, 2m by Apple for business and enterprise accessory needs.</p>",Apple,,Cables,"b2b-catalog,market:australia,cables",TRUE,Title,Default Title,MUQC3FE/A,shopify,27,deny,manual,32.50,TRUE,TRUE,,,,active
usb-c-to-magsafe-3-cable-2-m,USB-C to MagSafe 3 Cable (2 m),<p>USB-C to MagSafe 3 Cable (2 m) by Apple for business and enterprise accessory needs.</p>,Apple,,Cables,"b2b-catalog,market:australia,cables",TRUE,Title,Default Title,MLYU3FE/A,shopify,26,deny,manual,55.72,TRUE,TRUE,,,,active
world-travel-adapter-kit,World Travel Adapter Kit,"<p>An adapter or adaptor is a device that converts attributes of one electrical device or system to those of an otherwise incompatible device or system. Some modify power or signal attributes, while others merely adapt the physical form of one connector to another.</p>",Apple,,Power & Adapters,"b2b-catalog,market:australia,power-adapters",TRUE,Title,Default Title,MD837ZM/A,shopify,21,deny,manual,45.03,TRUE,TRUE,,,,active
b3e-phonetablet-stand,B3E Phone/Tablet Stand,<p>B3E Phone/Tablet Stand by B3E for business and enterprise accessory needs.</p>,B3E,,Stands & Mounts,"b2b-catalog,market:australia,stands-mounts",TRUE,Title,Default Title,USPTLSTNDB,shopify,18,deny,manual,53.26,TRUE,TRUE,,,,active
hdmi-cable-with-ethernet-6ft-4k,"HDMI Cable with Ethernet, 6ft - 4k","<p>HDMI Cable with Ethernet, 6ft - 4k by Belkin for business and enterprise accessory needs.</p>",Belkin,,Cables,"b2b-catalog,market:australia,cables",TRUE,Title,Default Title,HD-EC-050,shopify,17,deny,manual,8.00,TRUE,TRUE,,,,active
waverest-gel-mouse-pad-black,WaveRest® Gel Mouse Pad - Black,<p>WaveRest® Gel Mouse Pad - Black by Belkin for business and enterprise accessory needs.</p>,Belkin,,Mice & Pointing Devices,"b2b-catalog,market:australia,mice-pointing-devices",TRUE,Title,Default Title,55888,shopify,15,deny,manual,26.54,TRUE,TRUE,,,,active
1200mbps-long-range-usb-wifi-adapter-for-pc-desktop-laptop-of-windows,"1200Mbps Long Range USB WiFi Adapter for PC, Desktop, Laptop of Windows","<p>1200Mbps Long Range USB WiFi Adapter for PC, Desktop, Laptop of Windows by BrosTrend for business and enterprise accessory needs.</p>",BrosTrend,,Power & Adapters,"b2b-catalog,market:australia,power-adapters",TRUE,Title,Default Title,ARCHER T3U PLUS,shopify,12,deny,manual,40.44,TRUE,TRUE,,,,active
kc-6000-slim-keyboard-dell-layout,KC 6000 SLIM Keyboard (Dell Layout),<p>KC 6000 SLIM Keyboard (Dell Layout) by Cherry for business and enterprise accessory needs.</p>,Cherry,,Keyboards,"b2b-catalog,market:australia,keyboards",TRUE,Title,Default Title,KC 6000 SLIM Keyboard (Dell Layout),shopify,0,deny,manual,73.49,TRUE,TRUE,,,,active
kc-6000-slim-keyboard-mac-layout,KC 6000 SLIM Keyboard (Mac Layout),<p>KC 6000 SLIM Keyboard (Mac Layout) by Cherry for business and enterprise accessory needs.</p>,Cherry,,Keyboards,"b2b-catalog,market:australia,keyboards",TRUE,Title,Default Title,KC 6000 SLIM Keyboard (Mac Layout),shopify,0,deny,manual,69.58,TRUE,TRUE,,,,active
4k-dell-p2723qe-27-4k-usb-c-hub-monitor,"(4K) Dell P2723QE 27"" 4K USB-C Hub Monitor","<p>(4K) Dell P2723QE 27"" 4K USB-C Hub Monitor by Dell for business and enterprise accessory needs.</p>",Dell,,Docks & Hubs,"b2b-catalog,market:australia,docks-hubs",TRUE,Title,Default Title,P2723QE,shopify,0,deny,manual,734.33,TRUE,TRUE,,,,active
4k-dell-u2725qe-27-4k-usb-c-hub-monitor,"(4K) Dell U2725QE 27"" 4K USB-C Hub Monitor","<p>(4K) Dell U2725QE 27"" 4K USB-C Hub Monitor by Dell for business and enterprise accessory needs.</p>",Dell,,Docks & Hubs,"b2b-catalog,market:australia,docks-hubs",TRUE,Title,Default Title,U2725QE,shopify,0,deny,manual,734.33,TRUE,TRUE,,,,active
130w-usb-c-power-adapter,130W USB-C Power Adapter,<p>130W USB-C Power Adapter by Dell for business and enterprise accessory needs.</p>,Dell,,Power & Adapters,"b2b-catalog,market:australia,power-adapters",TRUE,Title,Default Title,450-BGHY,shopify,0,deny,manual,108.82,TRUE,TRUE,,,,active
90w-usb-c-power-adapter,90W USB-C Power Adapter,<p>90W USB-C Power Adapter by Dell for business and enterprise accessory needs.</p>,Dell,,Power & Adapters,"b2b-catalog,market:australia,power-adapters",TRUE,Title,Default Title,450-BCMN,shopify,479,deny,manual,44.81,TRUE,TRUE,,,,active
dell-pro-thunderbolt-4-smart-dock-sd25tb4,Dell Pro Thunderbolt 4 Smart Dock - SD25TB4,<p>Dell Pro Thunderbolt 4 Smart Dock - SD25TB4 by Dell for business and enterprise accessory needs.</p>,Dell,,Docks & Hubs,"b2b-catalog,market:australia,docks-hubs",TRUE,Title,Default Title,210-BRKN,shopify,244,deny,manual,327.19,TRUE,TRUE,,,,active
dell-thunderbolt-dock-wd22tb4,Dell Thunderbolt Dock – WD22TB4,<p>Dell Thunderbolt Dock – WD22TB4 by Dell for business and enterprise accessory needs.</p>,Dell,,Docks & Hubs,"b2b-catalog,market:australia,docks-hubs",TRUE,Title,Default Title,210-BEKX,shopify,70,deny,manual,293.18,TRUE,TRUE,,,,active
privacy-filter-for-156-laptop-dell-5540,"Privacy Filter for 15.6"" Laptop (Dell 5540)","<p>Privacy Filter for 15.6"" Laptop (Dell 5540) by Dell for business and enterprise accessory needs.</p>",Dell,,Privacy Screens,"b2b-catalog,market:australia,privacy-screens",TRUE,Title,Default Title,460-BCYE,shopify,58,deny,manual,46.98,TRUE,TRUE,,,,active
usb-c-to-ethernet-adapter,USB-C to Ethernet Adapter,<p>USB-C to Ethernet Adapter by Dell for business and enterprise accessory needs.</p>,Dell,,Power & Adapters,"b2b-catalog,market:australia,power-adapters",TRUE,Title,Default Title,DA310,shopify,26,deny,manual,95.10,TRUE,TRUE,,,,active
internal-card-wifi-6e-bluetooth-52-pcie-wlan-card-intel-ax210-5400mbits-wlan-network-card-adapter,"""Internal Card"" WiFi 6E Bluetooth 5.2 PCIE WLAN Card Intel AX210 5400Mbit/s WLAN Network Card Adapter","<p>""Internal Card"" WiFi 6E Bluetooth 5.2 PCIE WLAN Card Intel AX210 5400Mbit/s WLAN Network Card Adapter by EDUP for business and enterprise accessory needs.</p>",EDUP,,Power & Adapters,"b2b-catalog,market:australia,power-adapters",TRUE,Title,Default Title,WL-WN675X3,shopify,23,deny,manual,78.08,TRUE,TRUE,,,,active
verticalmouse-4-left,VerticalMouse 4 Left,<p>VerticalMouse 4 Left by Evoluent for business and enterprise accessory needs.</p>,Evoluent,,Mice & Pointing Devices,"b2b-catalog,market:australia,mice-pointing-devices",TRUE,Title,Default Title,"SKU# AC38611, Model# VM4L",shopify,0,deny,manual,173.70,TRUE,TRUE,,,,active
verticalmouse-4-right,VerticalMouse 4 Right,<p>VerticalMouse 4 Right by Evoluent for business and enterprise accessory needs.</p>,Evoluent,,Mice & Pointing Devices,"b2b-catalog,market:australia,mice-pointing-devices",TRUE,Title,Default Title,"SKU# AC39408, Model# VMDL",shopify,0,deny,manual,173.70,TRUE,TRUE,,,,active
wireless-ac1200mbps-dual-band-pcie-wi-fi-adapter-with-bluetooth-42-24ghz-and-5ghz,Wireless AC1200Mbps Dual Band PCIE Wi-Fi Adapter with Bluetooth 4.2 (2.4GHz and 5GHz),<p>Wireless AC1200Mbps Dual Band PCIE Wi-Fi Adapter with Bluetooth 4.2 (2.4GHz and 5GHz) by FebSmart for business and enterprise accessory needs.</p>,FebSmart,,Power & Adapters,"b2b-catalog,market:australia,power-adapters",TRUE,Title,Default Title,"SKU# AC20576, Model# Archer T4E",shopify,0,deny,manual,35.84,TRUE,TRUE,,,,active
keyboard-wrist-rest,Keyboard Wrist Rest,<p>Keyboard Wrist Rest by Fellowes for business and enterprise accessory needs.</p>,Fellowes,,Keyboards,"b2b-catalog,market:australia,keyboards",TRUE,Title,Default Title,"SKU# AC39360, Model# WRSTRST",shopify,0,deny,manual,27.53,TRUE,TRUE,,,,active
65w-usb-c-power-adapter,65W USB-C Power Adapter,<p>65W USB-C Power Adapter by HP for business and enterprise accessory needs.</p>,HP,,Power & Adapters,"b2b-catalog,market:australia,power-adapters",TRUE,Title,Default Title,671R2AA,shopify,0,deny,manual,41.87,TRUE,TRUE,,,,active
usb-c-power-adapter,USB-C Power Adapter,<p>USB-C Power Adapter by HP for business and enterprise accessory needs.</p>,HP,,Power & Adapters,"b2b-catalog,market:australia,power-adapters",TRUE,Title,Default Title,B7NK0AA,shopify,3000,deny,manual,109.37,TRUE,TRUE,,,,active
434362-wrist-gel-support-pad-and-mouse-mat-black-presidio-offering,"434362 / Wrist Gel Support Pad and Mouse Mat, Black (Presidio offering)","<p>434362 / Wrist Gel Support Pad and Mouse Mat, Black (Presidio offering) by IC INTRACOM for business and enterprise accessory needs.</p>",IC INTRACOM,,Mice & Pointing Devices,"b2b-catalog,market:australia,mice-pointing-devices",TRUE,Title,Default Title,WRSTRST,shopify,2000,deny,manual,23.52,TRUE,TRUE,,,,active
go-air-pop-true-wireless-earbuds,GO AIR POP True Wireless Earbuds,<p>GO AIR POP True Wireless Earbuds by JLab for business and enterprise accessory needs.</p>,JLab,,Headsets & Audio,"b2b-catalog,market:australia,headsets-audio",TRUE,Title,Default Title,GO AIR POP True Wireless Earbuds,shopify,2000,deny,manual,45.91,TRUE,TRUE,,,,active
magnetic-privacy-filter-for-precision-5480-156-1610,Magnetic Privacy Filter for Precision 5480 15.6” (16:10),<p>Magnetic Privacy Filter for Precision 5480 15.6” (16:10) by Kensington for business and enterprise accessory needs.</p>,Kensington,,Privacy Screens,"b2b-catalog,market:australia,privacy-screens",TRUE,Title,Default Title,K58351WW,shopify,2000,deny,manual,56.53,TRUE,TRUE,,,,active
magnetic-privacy-filter-for-precision-5570-133-169,Magnetic Privacy Filter for Precision 5570 13.3” (16:9),<p>Magnetic Privacy Filter for Precision 5570 13.3” (16:9) by Kensington for business and enterprise accessory needs.</p>,Kensington,,Privacy Screens,"b2b-catalog,market:australia,privacy-screens",TRUE,Title,Default Title,K55256WW,shopify,264,deny,manual,84.55,TRUE,TRUE,,,,active
magpro-elite-notebook-privacy-filter-14-macbook-pro,"MagPro Elite - notebook privacy filter (14"" MacBook Pro)","<p>MagPro Elite - notebook privacy filter (14"" MacBook Pro) by Kensington for business and enterprise accessory needs.</p>",Kensington,,Privacy Screens,"b2b-catalog,market:australia,privacy-screens",TRUE,Title,Default Title,K58370WW,shopify,0,deny,manual,65.25,TRUE,TRUE,,,,active
magpro-elite-notebook-privacy-filter-16-macbook-pro,"MagPro Elite - notebook privacy filter (16"" MacBook Pro)","<p>MagPro Elite - notebook privacy filter (16"" MacBook Pro) by Kensington for business and enterprise accessory needs.</p>",Kensington,,Privacy Screens,"b2b-catalog,market:australia,privacy-screens",TRUE,Title,Default Title,K58371WW,shopify,0,deny,manual,72.61,TRUE,TRUE,,,,active
orbit-wireless-trackball-with-scroll-ring,Orbit® Wireless Trackball with Scroll Ring,<p>Orbit® Wireless Trackball with Scroll Ring by Kensington for business and enterprise accessory needs.</p>,Kensington,,Accessories,"b2b-catalog,market:australia,accessories",TRUE,Title,Default Title,72352,shopify,127,deny,manual,47.79,TRUE,TRUE,,,,active
privacy-filter-for-27-widescreen-monitor,"Privacy Filter for 27"" Widescreen Monitor","<p>Privacy Filter for 27"" Widescreen Monitor by Kensington for business and enterprise accessory needs.</p>",Kensington,,Privacy Screens,"b2b-catalog,market:australia,privacy-screens",TRUE,Title,Default Title,K58359WW,shopify,93,deny,manual,160.84,TRUE,TRUE,,,,active
privacy-filter-for-precision-5480-133-169,Privacy Filter for Precision 5480 13.3” (16:9),<p>Privacy Filter for Precision 5480 13.3” (16:9) by Kensington for business and enterprise accessory needs.</p>,Kensington,,Privacy Screens,"b2b-catalog,market:australia,privacy-screens",TRUE,Title,Default Title,K58351WW,shopify,24,deny,manual,56.53,TRUE,TRUE,,,,active
privacy-filter-for-precision-5480-14-1610,Privacy Filter for Precision 5480 14” (16:10),<p>Privacy Filter for Precision 5480 14” (16:10) by Kensington for business and enterprise accessory needs.</p>,Kensington,,Privacy Screens,"b2b-catalog,market:australia,privacy-screens",TRUE,Title,Default Title,K55254WW,shopify,0,deny,manual,68.93,TRUE,TRUE,,,,active
privacy-filter-for-precision-5570-14-1610,Privacy Filter for Precision 5570 14” (16:10),<p>Privacy Filter for Precision 5570 14” (16:10) by Kensington for business and enterprise accessory needs.</p>,Kensington,,Privacy Screens,"b2b-catalog,market:australia,privacy-screens",TRUE,Title,Default Title,K55254WW,shopify,0,deny,manual,68.93,TRUE,TRUE,,,,active
privacy-filter-for-precision-5570-156-1610,Privacy Filter for Precision 5570 15.6” (16:10),<p>Privacy Filter for Precision 5570 15.6” (16:10) by Kensington for business and enterprise accessory needs.</p>,Kensington,,Privacy Screens,"b2b-catalog,market:australia,privacy-screens",TRUE,Title,Default Title,K55255WW,shopify,0,deny,manual,80.88,TRUE,TRUE,,,,active
wireless-presenter-remote,Wireless Presenter Remote,<p>Wireless Presenter Remote by Kensington for business and enterprise accessory needs.</p>,Kensington,,Accessories,"b2b-catalog,market:australia,accessories",TRUE,Title,Default Title,KE33271WW,shopify,0,deny,manual,34.01,TRUE,TRUE,,,,active
goldtouch-ergonomic-keyboard-v2-mac,Goldtouch Ergonomic Keyboard v2 - Mac,<p>Goldtouch Ergonomic Keyboard v2 - Mac by Keytools for business and enterprise accessory needs.</p>,Keytools,,Keyboards,"b2b-catalog,market:australia,keyboards",TRUE,Title,Default Title,SKU: E9803-CD,shopify,0,deny,manual,133.26,TRUE,TRUE,,,,active
freestyle2-for-mac,Freestyle2 for Mac,<p>Freestyle2 for Mac by Kinesis for business and enterprise accessory needs.</p>,Kinesis,,Accessories,"b2b-catalog,market:australia,accessories",TRUE,Title,Default Title,"SKU# AC39014, Model# KB800HMB-us",shopify,0,deny,manual,182.89,TRUE,TRUE,,,,active
freestyle2-for-pc,Freestyle2 for PC,<p>Freestyle2 for PC by Kinesis for business and enterprise accessory needs.</p>,Kinesis,,Accessories,"b2b-catalog,market:australia,accessories",TRUE,Title,Default Title,"SKU# AC39013, Model# KB800PB-us",shopify,0,deny,manual,197.60,TRUE,TRUE,,,,active
freestyle2-v3-accessory,Freestyle2 V3 Accessory,<p>Freestyle2 V3 Accessory by Kinesis for business and enterprise accessory needs.</p>,Kinesis,,Accessories,"b2b-catalog,market:australia,accessories",TRUE,Title,Default Title,"SKU# AC39559, Model# AC730-blk",shopify,0,deny,manual,54.22,TRUE,TRUE,,,,active
s1-smartphone-stand,S1 Smartphone Stand,<p>S1 Smartphone Stand by Lamicall for business and enterprise accessory needs.</p>,Lamicall,,Stands & Mounts,"b2b-catalog,market:australia,stands-mounts",TRUE,Title,Default Title,"SKU# AC92066, Model# 60324",shopify,0,deny,manual,11.90,TRUE,TRUE,,,,active
lhxw-e-wireless-active-noise-cancelling-headphones-black-usb-c,LHXW-e Wireless Active Noise Cancelling Headphones - Black USB-C,<p>LHXW-e Wireless Active Noise Cancelling Headphones - Black USB-C by Lindy for business and enterprise accessory needs.</p>,Lindy,,Accessories,"b2b-catalog,market:australia,accessories",TRUE,Title,Default Title,EDWH700NBB,shopify,0,deny,manual,90.99,TRUE,TRUE,,,,active
brio-505-full-hd-webcam,Brio 505 Full HD webcam,<p>Brio 505 Full HD webcam by Logitech for business and enterprise accessory needs.</p>,Logitech,,Webcams,"b2b-catalog,market:australia,webcams",TRUE,Title,Default Title,960-001461,shopify,0,deny,manual,152.81,TRUE,TRUE,,,,active
corded-mouse-m500,Corded Mouse M500,<p>Corded Mouse M500 by Logitech for business and enterprise accessory needs.</p>,Logitech,,Mice & Pointing Devices,"b2b-catalog,market:australia,mice-pointing-devices",TRUE,Title,Default Title,910-007512,shopify,0,deny,manual,36.72,TRUE,TRUE,,,,active
ergo-k860-ergonomic-split-keyboard,ERGO K860 Ergonomic Split - keyboard,<p>ERGO K860 Ergonomic Split - keyboard by Logitech for business and enterprise accessory needs.</p>,Logitech,,Keyboards,"b2b-catalog,market:australia,keyboards",TRUE,Title,Default Title,920-010111,shopify,0,deny,manual,135.72,TRUE,TRUE,,,,active
logitech-signature-k650-comfort-full-size-wireless-keyboard-with-wrist-rest-ble-bluetooth-or-logi-bolt-graphite,"Logitech Signature K650 Comfort Full-Size Wireless Keyboard with Wrist Rest, BLE Bluetooth or Logi Bolt, Graphite","<p>Logitech Signature K650 Comfort Full-Size Wireless Keyboard with Wrist Rest, BLE Bluetooth or Logi Bolt, Graphite by Logitech for business and enterprise accessory needs.</p>",Logitech,,Keyboards,"b2b-catalog,market:australia,keyboards",TRUE,Title,Default Title,920-010955,shopify,0,deny,manual,48.60,TRUE,TRUE,,,,active
m500s-adv-corded-mouse,M500S ADV Corded Mouse,<p>M500S ADV Corded Mouse by Logitech for business and enterprise accessory needs.</p>,Logitech,,Mice & Pointing Devices,"b2b-catalog,market:australia,mice-pointing-devices",TRUE,Title,Default Title,910-007512,shopify,0,deny,manual,36.72,TRUE,TRUE,,,,active
triathlon-m720-mouse-wireless,Triathlon M720 Mouse (wireless),<p>Triathlon M720 Mouse (wireless) by Logitech for business and enterprise accessory needs.</p>,Logitech,,Mice & Pointing Devices,"b2b-catalog,market:australia,mice-pointing-devices",TRUE,Title,Default Title,910-004792,shopify,0,deny,manual,50.53,TRUE,TRUE,,,,active
space-gray-wired-keyboard,Space Gray Wired Keyboard,<p>Space Gray Wired Keyboard by Macally for business and enterprise accessory needs.</p>,Macally,,Keyboards,"b2b-catalog,market:australia,keyboards",TRUE,Title,Default Title,"SKU# AC48185, Model# ST-UCSW3M",shopify,0,deny,manual,64.06,TRUE,TRUE,,,,active
bluetooth-keyboard,Bluetooth Keyboard,"<p>A wireless keyboard is a computer keyboard that allows the user to communicate with computers, tablets, or laptops with the help of wireless technologies such as radio frequency (RF), WiFi, Bluetooth, or infrared (IR) technology.</p>",Microsoft,,Keyboards,"b2b-catalog,market:australia,keyboards",TRUE,Title,Default Title,QHU-00001,shopify,0,deny,manual,35.97,TRUE,TRUE,,,,active
ergonomic-keyboard,Ergonomic Keyboard,"<p>Microsoft has designed and sold a variety of ergonomic keyboards for computers. The oldest is the Microsoft Natural Keyboard, released in 1994, the company's first computer keyboard. The newest models are the Sculpt Ergonomic Keyboard (2013), the Surface Ergonomic Keyboard (2016), and the Microsoft Ergonomic Keyboard (2019).</p>",Microsoft,,Keyboards,"b2b-catalog,market:australia,keyboards",TRUE,Title,Default Title,LXM-00001,shopify,0,deny,manual,67.45,TRUE,TRUE,,,,active
sculpt-ergonomic-keyboard-for-business,Sculpt Ergonomic Keyboard for Business,<p>Sculpt Ergonomic Keyboard for Business by Microsoft for business and enterprise accessory needs.</p>,Microsoft,,Keyboards,"b2b-catalog,market:australia,keyboards",TRUE,Title,Default Title,U6R-00001,shopify,0,deny,manual,94.99,TRUE,TRUE,,,,active
cat-6-ethernet-cable-7ft,"Cat 6 Ethernet Cable, 7ft","<p>Cat 6 Ethernet Cable, 7ft by Monoprice for business and enterprise accessory needs.</p>",Monoprice,,Cables,"b2b-catalog,market:australia,cables",TRUE,Title,Default Title,N6LPATCH2MBL,shopify,0,deny,manual,6.63,TRUE,TRUE,,,,active
enhanced-bass-noise-isolating-earbuds-headphones,Enhanced Bass Noise Isolating Earbuds Headphones,<p>Enhanced Bass Noise Isolating Earbuds Headphones by Monoprice for business and enterprise accessory needs.</p>,Monoprice,,Headsets & Audio,"b2b-catalog,market:australia,headsets-audio",TRUE,Title,Default Title,JBLT110IEB,shopify,0,deny,manual,8.27,TRUE,TRUE,,,,active
lightning-to-usb-a-cable-3ft,"Lightning to USB-A Cable, 3ft","<p>Lightning to USB-A Cable, 3ft by Monoprice for business and enterprise accessory needs.</p>",Monoprice,,Cables,"b2b-catalog,market:australia,cables",TRUE,Title,Default Title,CAA002BT2MBK,shopify,0,deny,manual,17.76,TRUE,TRUE,,,,active
smart-magnetic-wireless-bluetooth-earphones,Smart Magnetic Wireless Bluetooth Earphones,<p>Smart Magnetic Wireless Bluetooth Earphones by Monoprice for business and enterprise accessory needs.</p>,Monoprice,,Connectivity,"b2b-catalog,market:australia,connectivity",TRUE,Title,Default Title,JBLT135BK,shopify,0,deny,manual,35.84,TRUE,TRUE,,,,active
ultra-slim-hdmi-cable-6ft,"Ultra Slim HDMI Cable, 6ft","<p>Ultra Slim HDMI Cable, 6ft by Monoprice for business and enterprise accessory needs.</p>",Monoprice,,Cables,"b2b-catalog,market:australia,cables",TRUE,Title,Default Title,COHDMI015,shopify,0,deny,manual,18.38,TRUE,TRUE,,,,active
usb-a-to-micro-usb-3ft,"USB-A to Micro-USB, 3ft","<p>USB-A to Micro-USB, 3ft by Monoprice for business and enterprise accessory needs.</p>",Monoprice,,Accessories,"b2b-catalog,market:australia,accessories",TRUE,Title,Default Title,CAB005BT1MBK,shopify,0,deny,manual,8.44,TRUE,TRUE,,,,active
verve-hd-hybrid-wireless-anc-noise-cancelling-headphones,Verve HD Hybrid Wireless ANC Noise Cancelling Headphones,<p>Verve HD Hybrid Wireless ANC Noise Cancelling Headphones by Morpheus360 for business and enterprise accessory needs.</p>,Morpheus360,,Accessories,"b2b-catalog,market:australia,accessories",TRUE,Title,Default Title,"SKU# AC86858, Model# 51EF1140AA001",shopify,0,deny,manual,90.99,TRUE,TRUE,,,,active
software-engineer-titles,Software Engineer titles,<p>Software Engineer titles by New Spec 15 for business and enterprise accessory needs.</p>,New Spec 15,,Accessories,"b2b-catalog,market:australia,accessories",TRUE,Title,Default Title,Linux Ubuntu,shopify,0,deny,manual,,TRUE,TRUE,,,,active
product,Product,<p>Product may refer to:</p>,Notes,,Accessories,"b2b-catalog,market:australia,accessories",TRUE,Title,Default Title,,shopify,0,deny,manual,,TRUE,TRUE,,,,active
pau06-300mbps-wireless-n-usb-adapter-whigh-gain-antenna-24ghz,PAU06 300Mbps Wireless N USB Adapter - w/High Gain Antenna (2.4GHz),<p>PAU06 300Mbps Wireless N USB Adapter - w/High Gain Antenna (2.4GHz) by Panda Wireless for business and enterprise accessory needs.</p>,Panda Wireless,,Power & Adapters,"b2b-catalog,market:australia,power-adapters",TRUE,Title,Default Title,"SKU# AC92100, Model# 90339",shopify,0,deny,manual,17.42,TRUE,TRUE,,,,active
32ft-thunderbolt-4-usb-c-cable,3.2ft Thunderbolt 4 (USB-C) Cable,<p>3.2ft Thunderbolt 4 (USB-C) Cable by Plugable for business and enterprise accessory needs.</p>,Plugable,,Cables,"b2b-catalog,market:australia,cables",TRUE,Title,Default Title,MW5J3ZA/A,shopify,0,deny,manual,147.65,TRUE,TRUE,,,,active
acer-chromebook-plus-spin-714,Acer Chromebook Plus Spin 714,<p>Acer Chromebook Plus Spin 714 by Primary Spec for business and enterprise accessory needs.</p>,Primary Spec,,Accessories,"b2b-catalog,market:australia,accessories",TRUE,Title,Default Title,,shopify,0,deny,manual,16100.00,TRUE,TRUE,,,,active
mstand-laptop-stand,mStand Laptop Stand,<p>mStand Laptop Stand by Rain Design for business and enterprise accessory needs.</p>,Rain Design,,Stands & Mounts,"b2b-catalog,market:australia,stands-mounts",TRUE,Title,Default Title,LAPTOP-STAND-SILVER,shopify,0,deny,manual,70.79,TRUE,TRUE,,,,active
acer-chromebook-plus-spin-714,Acer Chromebook Plus Spin 714,<p>Acer Chromebook Plus Spin 714 by Secondary Spec for business and enterprise accessory needs.</p>,Secondary Spec,,Accessories,"b2b-catalog,market:australia,accessories",TRUE,Title,Default Title,,shopify,0,deny,manual,18030.00,TRUE,TRUE,,,,active
general-administrative-sales-marketing,General & Administrative Sales & Marketing,<p>General & Administrative Sales & Marketing by Standard 13 for business and enterprise accessory needs.</p>,Standard 13,,Accessories,"b2b-catalog,market:australia,accessories",TRUE,Title,Default Title,macOS,shopify,0,deny,manual,1231.12,TRUE,TRUE,,,,active
general-administrative-sales-marketing,General & Administrative Sales & Marketing,<p>General & Administrative Sales & Marketing by Standard 14 for business and enterprise accessory needs.</p>,Standard 14,,Accessories,"b2b-catalog,market:australia,accessories",TRUE,Title,Default Title,macOS,shopify,0,deny,manual,1759.12,TRUE,TRUE,,,,active
13in-macbook-air-m2m3-laptop-privacy-screen-removable-reversible-anti-glare-blue-light-filter-magnetic,"13in MacBook Air M2/M3 Laptop Privacy Screen, Removable / Reversible Anti-Glare Blue Light Filter, Magnetic","<p>13in MacBook Air M2/M3 Laptop Privacy Screen, Removable / Reversible Anti-Glare Blue Light Filter, Magnetic by Startech for business and enterprise accessory needs.</p>",Startech,,Privacy Screens,"b2b-catalog,market:australia,privacy-screens",TRUE,Title,Default Title,13MAM-PRIVACY-SCREEN,shopify,0,deny,manual,51.48,TRUE,TRUE,,,,active
cat-6-ethernet-cable-7ft,"Cat 6 Ethernet Cable, 7ft","<p>Cat 6 Ethernet Cable, 7ft by StarTech for business and enterprise accessory needs.</p>",StarTech,,Cables,"b2b-catalog,market:australia,cables",TRUE,Title,Default Title,N6PAT200CMBLS,shopify,0,deny,manual,2.89,TRUE,TRUE,,,,active
hi-speed-pcie-wrls-n-adapt,Hi-Speed PCIE WRLS-N Adapt,<p>Hi-Speed PCIE WRLS-N Adapt by StarTech for business and enterprise accessory needs.</p>,StarTech,,Accessories,"b2b-catalog,market:australia,accessories",TRUE,Title,Default Title,USB-AC53 NANO,shopify,0,deny,manual,42.99,TRUE,TRUE,,,,active
lightning-to-usb-a-cable-3ft,"Lightning to USB-A Cable, 3ft","<p>Lightning to USB-A Cable, 3ft by StarTech for business and enterprise accessory needs.</p>",StarTech,,Cables,"b2b-catalog,market:australia,cables",TRUE,Title,Default Title,RUSBLTMM1M,shopify,0,deny,manual,18.51,TRUE,TRUE,,,,active
secure-charging-cable-usb-a-to-usb-c,"Secure Charging Cable, USB-A to USB-C","<p>Secure Charging Cable, USB-A to USB-C by StarTech for business and enterprise accessory needs.</p>",StarTech,,Cables,"b2b-catalog,market:australia,cables",TRUE,Title,Default Title,USBSCHAC1M,shopify,0,deny,manual,9.41,TRUE,TRUE,,,,active
thunderbolt-3-dock-dual-monitor-4k-60hz-dp,Thunderbolt 3 Dock Dual Monitor 4K 60Hz DP,<p>Thunderbolt 3 Dock Dual Monitor 4K 60Hz DP by StarTech for business and enterprise accessory needs.</p>,StarTech,,Docks & Hubs,"b2b-catalog,market:australia,docks-hubs",TRUE,Title,Default Title,TB3DK2DHV,shopify,0,deny,manual,121.28,TRUE,TRUE,,,,active
usb-30-ac1200-wifi-adapter,USB 3.0 AC1200 WiFi adapter,<p>USB 3.0 AC1200 WiFi adapter by StarTech for business and enterprise accessory needs.</p>,StarTech,,Power & Adapters,"b2b-catalog,market:australia,power-adapters",TRUE,Title,Default Title,TL-WN881ND,shopify,0,deny,manual,17.46,TRUE,TRUE,,,,active
usb-a-to-micro-usb-3ft,"USB-A to Micro-USB, 3ft","<p>USB-A to Micro-USB, 3ft by StarTech for business and enterprise accessory needs.</p>",StarTech,,Accessories,"b2b-catalog,market:australia,accessories",TRUE,Title,Default Title,USBAMMICRO3,shopify,0,deny,manual,8.31,TRUE,TRUE,,,,active
usb-c-to-displayport-cable-6-ft,USB-C to DisplayPort Cable (6-Ft),<p>USB-C to DisplayPort Cable (6-Ft) by StarTech for business and enterprise accessory needs.</p>,StarTech,,Cables,"b2b-catalog,market:australia,cables",TRUE,Title,Default Title,CDP2DPMM6,shopify,0,deny,manual,41.10,TRUE,TRUE,,,,active
wifi-6e-pcie-card,WiFi 6E PCIE Card,<p>WiFi 6E PCIE Card by StarTech for business and enterprise accessory needs.</p>,StarTech,,Networking,"b2b-catalog,market:australia,networking",TRUE,Title,Default Title,ARCHER-TX20E,shopify,0,deny,manual,47.79,TRUE,TRUE,,,,active
usb-a-to-usb-c-adapter,USB-A to USB-C Adapter,<p>USB-A to USB-C Adapter by Syntech for business and enterprise accessory needs.</p>,Syntech,,Power & Adapters,"b2b-catalog,market:australia,power-adapters",TRUE,Title,Default Title,USB31CAADP,shopify,0,deny,manual,15.65,TRUE,TRUE,,,,active
magnetic-privacy-screen-for-macbook-pro-13,Magnetic Privacy Screen for MacBook Pro 13,<p>Magnetic Privacy Screen for MacBook Pro 13 by Targus for business and enterprise accessory needs.</p>,Targus,,Privacy Screens,"b2b-catalog,market:australia,privacy-screens",TRUE,Title,Default Title,ASF156W9USZ,shopify,0,deny,manual,46.98,TRUE,TRUE,,,,active
asus-chromebook-flip-cb5,ASUS Chromebook Flip CB5,<p>ASUS Chromebook Flip CB5 by Tertiary Spec for business and enterprise accessory needs.</p>,Tertiary Spec,,Accessories,"b2b-catalog,market:australia,accessories",TRUE,Title,Default Title,,shopify,0,deny,manual,,TRUE,TRUE,,,,active
asus-chromebook-flip-cx34,ASUS Chromebook Flip CX34,<p>ASUS Chromebook Flip CX34 by Tertiary Spec for business and enterprise accessory needs.</p>,Tertiary Spec,,Accessories,"b2b-catalog,market:australia,accessories",TRUE,Title,Default Title,,shopify,0,deny,manual,,TRUE,TRUE,,,,active
tripp-monitor-riser-metal-14x9in,Tripp Monitor Riser Metal 14x9in,<p>Tripp Monitor Riser Metal 14x9in by Tripp Lite for business and enterprise accessory needs.</p>,Tripp Lite,,Monitors & Display Accessories,"b2b-catalog,market:australia,monitors-display-accessories",TRUE,Title,Default Title,KJ11102KJ,shopify,0,deny,manual,13.79,TRUE,TRUE,,,,active
usb-31-gen-2-usb-c-cable-3-ft,USB 3.1 Gen 2 USB-C Cable (3-Ft),<p>USB 3.1 Gen 2 USB-C Cable (3-Ft) by Tripp Lite for business and enterprise accessory needs.</p>,Tripp Lite,,Cables,"b2b-catalog,market:australia,cables",TRUE,Title,Default Title,USB31CCV1M,shopify,0,deny,manual,21.64,TRUE,TRUE,,,,active
usb-32-gen-2-usb-c-cable-3-ft,USB 3.2 Gen 2 USB-C Cable (3-Ft),<p>USB 3.2 Gen 2 USB-C Cable (3-Ft) by Tripp Lite for business and enterprise accessory needs.</p>,Tripp Lite,,Cables,"b2b-catalog,market:australia,cables",TRUE,Title,Default Title,USB31CCV1M,shopify,0,deny,manual,21.64,TRUE,TRUE,,,,active
usb-32-gen-2-usb-c-cable-6-ft,USB 3.2 Gen 2 USB-C Cable (6-Ft),<p>USB 3.2 Gen 2 USB-C Cable (6-Ft) by Tripp Lite for business and enterprise accessory needs.</p>,Tripp Lite,,Cables,"b2b-catalog,market:australia,cables",TRUE,Title,Default Title,USB2C5C2M,shopify,0,deny,manual,24.40,TRUE,TRUE,,,,active
usb-a-to-usb-c-adapter,USB-A to USB-C Adapter,<p>USB-A to USB-C Adapter by Tripp Lite for business and enterprise accessory needs.</p>,Tripp Lite,,Power & Adapters,"b2b-catalog,market:australia,power-adapters",TRUE,Title,Default Title,USB31CAADG,shopify,0,deny,manual,9.91,TRUE,TRUE,,,,active
designer-software-engineer-quality-engineer-machine-learning-engineer-security-engineer-technical-producer-and-it-creative-assets-producer-by-title-all-titles-in-the-following-cost-centers-camera-platform-content-creation-3d-bitmoji-content-creation-exploration-content-creation-lenses-cp-business-operations-lenses-cp-business-operations-platform-platform-note-this-includes-managersdirectors-within-engineering,"Designer, Software Engineer, Quality Engineer, Machine Learning Engineer, Security Engineer, Technical Producer, and IT Creative Assets Producer by title All Titles in the following Cost Centers: - Camera Platform - Content Creation - 3D Bitmoji - Content Creation - Exploration - Content Creation - Lenses - CP - Business Operations - Lenses - CP Business Operations - Platform - Platform **Note - this includes Managers/Directors within Engineering**""","<p>Designer, Software Engineer, Quality Engineer, Machine Learning Engineer, Security Engineer, Technical Producer, and IT Creative Assets Producer by title All Titles in the following Cost Centers: - Camera Platform - Content Creation - 3D Bitmoji - Content Creation - Exploration - Content Creation - Lenses - CP - Business Operations - Lenses - CP Business Operations - Platform - Platform **Note - this includes Managers/Directors within Engineering**"" by Upgrade 16 for business and enterprise accessory needs.</p>",Upgrade 16,,Accessories,"b2b-catalog,market:australia,accessories",TRUE,Title,Default Title,macOS,shopify,0,deny,manual,4047.12,TRUE,TRUE,,,,active
yubikey-5-nfc,YubiKey 5 NFC,<p>YubiKey 5 NFC by Yubico for business and enterprise accessory needs.</p>,Yubico,,Accessories,"b2b-catalog,market:australia,accessories",TRUE,Title,Default Title,MSYK335V5.7,shopify,0,deny,manual,76.28,TRUE,TRUE,,,,active
yubikey-5-nfc-usb-a,YubiKey 5 NFC USB-A,<p>YubiKey 5 NFC USB-A by Yubico for business and enterprise accessory needs.</p>,Yubico,,Accessories,"b2b-catalog,market:australia,accessories",TRUE,Title,Default Title,MSYKY9237V5.7,shopify,0,deny,manual,76.28,TRUE,TRUE,,,,active
yubikey-5c-nano,YubiKey 5C Nano,<p>YubiKey 5C Nano by Yubico for business and enterprise accessory needs.</p>,Yubico,,Accessories,"b2b-catalog,market:australia,accessories",TRUE,Title,Default Title,MSYK5060408464229,shopify,0,deny,manual,115.80,TRUE,TRUE,,,,active
yubikey-5c-nfc,YubiKey 5C NFC,<p>YubiKey 5C NFC by Yubico for business and enterprise accessory needs.</p>,Yubico,,Accessories,"b2b-catalog,market:australia,accessories",TRUE,Title,Default Title,MSYKY9246V5.7,shopify,0,deny,manual,89.15,TRUE,TRUE,,,,active
